topic,description,symptoms,prevention,treatment,source,text
Diabetes,"Diabetes là một bệnh mãn tính xảy ra khi tuyến tụy không sản xuất đủ insulin hoặc khi cơ thể không thể sử dụng hiệu quả insulin mà nó sản xuất ra. Các triệu chứng bao gồm: tiểu nhiều, khát nước, đói bụng, mệt mỏi, giảm cân không rõ nguyên nhân, chậm lành vết thương.","increased urination, excessive thirst, extreme hunger, unexplained weight loss, fatigue, blurred vision, slow-healing wounds","Maintain healthy weight, regular physical activity, healthy diet, avoid tobacco use",,WHO,"Diabetes: Diabetes là một bệnh mãn tính xảy ra khi tuyến tụy không sản xuất đủ insulin hoặc khi cơ thể không thể sử dụng hiệu quả insulin mà nó sản xuất ra. Các triệu chứng bao gồm: tiểu nhiều, khát nước, đói bụng, mệt mỏi, giảm cân không rõ nguyên nhân, chậm lành vết thương. Triệu chứng: increased urination, excessive thirst, extreme hunger, unexplained weight loss, fatigue, blurred vision, slow-healing wounds. Phòng ngừa: Maintain healthy weight, regular physical activity, healthy diet, avoid tobacco use"
Hypertension,"Tăng huyết áp (cao huyết áp) là tình trạng huyết áp trong động mạch cao hơn bình thường. Thường không có triệu chứng rõ ràng nhưng là yếu tố nguy cơ chính của bệnh tim mạch, đột quỵ, và bệnh thận.","headaches, shortness of breath, nosebleeds, chest pain, dizziness, vision changes","Reduce salt intake, healthy diet, regular exercise, limit alcohol, manage stress, maintain healthy weight",,WHO,"Hypertension: Tăng huyết áp (cao huyết áp) là tình trạng huyết áp trong động mạch cao hơn bình thường. Thường không có triệu chứng rõ ràng nhưng là yếu tố nguy cơ chính của bệnh tim mạch, đột quỵ, và bệnh thận. Triệu chứng: headaches, shortness of breath, nosebleeds, chest pain, dizziness, vision changes. Phòng ngừa: Reduce salt intake, healthy diet, regular exercise, limit alcohol, manage stress, maintain healthy weight"
Cardiovascular Diseases,"Bệnh tim mạch là nhóm các rối loạn của tim và mạch máu, bao gồm bệnh mạch vành, bệnh mạch máu não, bệnh động mạch ngoại biên, bệnh tim bẩm sinh. Là nguyên nhân tử vong hàng đầu toàn cầu.","chest pain, shortness of breath, pain in neck/jaw/throat/upper abdomen/back, numbness or weakness in legs or arms","Healthy diet, regular physical activity, avoid tobacco, limit alcohol, manage stress, regular health checkups",,WHO,"Cardiovascular Diseases: Bệnh tim mạch là nhóm các rối loạn của tim và mạch máu, bao gồm bệnh mạch vành, bệnh mạch máu não, bệnh động mạch ngoại biên, bệnh tim bẩm sinh. Là nguyên nhân tử vong hàng đầu toàn cầu. Triệu chứng: chest pain, shortness of breath, pain in neck/jaw/throat/upper abdomen/back, numbness or weakness in legs or arms. Phòng ngừa: Healthy diet, regular physical activity, avoid tobacco, limit alcohol, manage stress, regular health checkups"
Respiratory Infections,"Nhiễm trùng đường hô hấp là các bệnh nhiễm trùng ảnh hưởng đến đường thở, bao gồm cảm lạnh thông thường, cúm, viêm phổi, viêm phế quản. Có thể lây lan qua không khí hoặc tiếp xúc trực tiếp.","cough, sore throat, runny nose, fever, difficulty breathing, chest pain, fatigue, body aches","Hand hygiene, respiratory etiquette, vaccination, avoid close contact with sick people, wear masks in crowded places",,WHO,"Respiratory Infections: Nhiễm trùng đường hô hấp là các bệnh nhiễm trùng ảnh hưởng đến đường thở, bao gồm cảm lạnh thông thường, cúm, viêm phổi, viêm phế quản. Có thể lây lan qua không khí hoặc tiếp xúc trực tiếp. Triệu chứng: cough, sore throat, runny nose, fever, difficulty breathing, chest pain, fatigue, body aches. Phòng ngừa: Hand hygiene, respiratory etiquette, vaccination, avoid close contact with sick people, wear masks in crowded places"
Mental Health Disorders,"Rối loạn sức khỏe tâm thần bao gồm trầm cảm, lo âu, rối loạn lưỡng cực, tâm thần phân liệt và các rối loạn khác ảnh hưởng đến suy nghĩ, cảm xúc và hành vi.","persistent sadness, excessive worry, mood swings, changes in sleep or appetite, difficulty concentrating, withdrawal from activities, thoughts of self-harm","Regular exercise, healthy sleep habits, social connections, stress management, seek help early, avoid substance abuse",,WHO,"Mental Health Disorders: Rối loạn sức khỏe tâm thần bao gồm trầm cảm, lo âu, rối loạn lưỡng cực, tâm thần phân liệt và các rối loạn khác ảnh hưởng đến suy nghĩ, cảm xúc và hành vi. Triệu chứng: persistent sadness, excessive worry, mood swings, changes in sleep or appetite, difficulty concentrating, withdrawal from activities, thoughts of self-harm. Phòng ngừa: Regular exercise, healthy sleep habits, social connections, stress management, seek help early, avoid substance abuse"
Malaria,"Sốt rét là bệnh do ký sinh trùng plasmodium gây ra, lây truyền qua muỗi Anopheles cái. Phổ biến ở vùng nhiệt đới và cận nhiệt đới. Có thể nguy hiểm đến tính mạng nếu không được điều trị.","fever, chills, headache, nausea, vomiting, muscle pain, fatigue, sweating, abdominal pain","Use insecticide-treated bed nets, indoor spraying, antimalarial medications, wear protective clothing, use mosquito repellent",,WHO,"Malaria: Sốt rét là bệnh do ký sinh trùng plasmodium gây ra, lây truyền qua muỗi Anopheles cái. Phổ biến ở vùng nhiệt đới và cận nhiệt đới. Có thể nguy hiểm đến tính mạng nếu không được điều trị. Triệu chứng: fever, chills, headache, nausea, vomiting, muscle pain, fatigue, sweating, abdominal pain. Phòng ngừa: Use insecticide-treated bed nets, indoor spraying, antimalarial medications, wear protective clothing, use mosquito repellent"
Tuberculosis,"Lao (TB) là bệnh nhiễm trùng do vi khuẩn Mycobacterium tuberculosis gây ra, chủ yếu ảnh hưởng đến phổi nhưng cũng có thể ảnh hưởng đến các bộ phận khác. Lây lan qua không khí.","persistent cough lasting 3+ weeks, coughing up blood, chest pain, fatigue, weight loss, fever, night sweats, loss of appetite","BCG vaccination, good ventilation, respiratory hygiene, early detection and treatment, avoid close contact with TB patients",,WHO,"Tuberculosis: Lao (TB) là bệnh nhiễm trùng do vi khuẩn Mycobacterium tuberculosis gây ra, chủ yếu ảnh hưởng đến phổi nhưng cũng có thể ảnh hưởng đến các bộ phận khác. Lây lan qua không khí. Triệu chứng: persistent cough lasting 3+ weeks, coughing up blood, chest pain, fatigue, weight loss, fever, night sweats, loss of appetite. Phòng ngừa: BCG vaccination, good ventilation, respiratory hygiene, early detection and treatment, avoid close contact with TB patients"
HIV/AIDS,HIV (Human Immunodeficiency Virus) tấn công hệ thống miễn dịch. AIDS (Acquired Immunodeficiency Syndrome) là giai đoạn cuối của nhiễm HIV khi hệ miễn dịch bị suy yếu nghiêm trọng.,"fever, fatigue, swollen lymph nodes, sore throat, rash, muscle aches, night sweats, recurrent infections","Safe sex practices, use condoms, avoid sharing needles, HIV testing, pre-exposure prophylaxis (PrEP), post-exposure prophylaxis (PEP)",,WHO,"HIV/AIDS: HIV (Human Immunodeficiency Virus) tấn công hệ thống miễn dịch. AIDS (Acquired Immunodeficiency Syndrome) là giai đoạn cuối của nhiễm HIV khi hệ miễn dịch bị suy yếu nghiêm trọng. Triệu chứng: fever, fatigue, swollen lymph nodes, sore throat, rash, muscle aches, night sweats, recurrent infections. Phòng ngừa: Safe sex practices, use condoms, avoid sharing needles, HIV testing, pre-exposure prophylaxis (PrEP), post-exposure prophylaxis (PEP)"
Cancer,"Ung thư là sự phát triển bất thường của tế bào có thể xâm lấn hoặc lan sang các phần khác của cơ thể. Có nhiều loại ung thư khác nhau, mỗi loại có triệu chứng và phương pháp điều trị riêng.","unexplained weight loss, persistent fatigue, lumps or swelling, persistent pain, changes in bowel or bladder habits, unusual bleeding, persistent cough","Avoid tobacco, healthy diet, regular exercise, limit alcohol, sun protection, vaccination (HPV, Hepatitis B), regular screenings",,WHO,"Cancer: Ung thư là sự phát triển bất thường của tế bào có thể xâm lấn hoặc lan sang các phần khác của cơ thể. Có nhiều loại ung thư khác nhau, mỗi loại có triệu chứng và phương pháp điều trị riêng. Triệu chứng: unexplained weight loss, persistent fatigue, lumps or swelling, persistent pain, changes in bowel or bladder habits, unusual bleeding, persistent cough. Phòng ngừa: Avoid tobacco, healthy diet, regular exercise, limit alcohol, sun protection, vaccination (HPV, Hepatitis B), regular screenings"
Asthma,"Hen suyễn là bệnh mãn tính của đường hô hấp gây viêm và co thắt đường thở, dẫn đến khó thở, thở khò khè. Có thể được kích hoạt bởi dị ứng, ô nhiễm, hoặc vận động.","shortness of breath, chest tightness, wheezing, coughing especially at night or early morning, difficulty breathing","Avoid triggers (allergens, smoke, pollution), regular medications, maintain healthy weight, get vaccinated against flu, regular checkups",,WHO,"Asthma: Hen suyễn là bệnh mãn tính của đường hô hấp gây viêm và co thắt đường thở, dẫn đến khó thở, thở khò khè. Có thể được kích hoạt bởi dị ứng, ô nhiễm, hoặc vận động. Triệu chứng: shortness of breath, chest tightness, wheezing, coughing especially at night or early morning, difficulty breathing. Phòng ngừa: Avoid triggers (allergens, smoke, pollution), regular medications, maintain healthy weight, get vaccinated against flu, regular checkups"
Stroke,"Đột quỵ xảy ra khi nguồn cung cấp máu đến một phần não bị gián đoạn hoặc giảm, ngăn mô não nhận oxy và chất dinh dưỡng. Là cấp cứu y tế, cần can thiệp ngay lập tức.","sudden numbness or weakness in face/arm/leg (especially one side), confusion, trouble speaking or understanding, vision problems, dizziness, severe headache","Control blood pressure, manage diabetes, maintain healthy weight, exercise regularly, healthy diet, avoid smoking, limit alcohol",,WHO,"Stroke: Đột quỵ xảy ra khi nguồn cung cấp máu đến một phần não bị gián đoạn hoặc giảm, ngăn mô não nhận oxy và chất dinh dưỡng. Là cấp cứu y tế, cần can thiệp ngay lập tức. Triệu chứng: sudden numbness or weakness in face/arm/leg (especially one side), confusion, trouble speaking or understanding, vision problems, dizziness, severe headache. Phòng ngừa: Control blood pressure, manage diabetes, maintain healthy weight, exercise regularly, healthy diet, avoid smoking, limit alcohol"
Obesity,Béo phì là tình trạng tích tụ mỡ thừa đến mức có thể ảnh hưởng tiêu cực đến sức khỏe. BMI ≥30 được coi là béo phì. Là yếu tố nguy cơ cho nhiều bệnh mãn tính.,"excessive body fat, breathlessness, increased sweating, snoring, difficulty with physical activity, joint and back pain, low self-esteem","Balanced diet, regular physical activity, limit processed foods and sugary drinks, adequate sleep, stress management, behavioral changes",,WHO,"Obesity: Béo phì là tình trạng tích tụ mỡ thừa đến mức có thể ảnh hưởng tiêu cực đến sức khỏe. BMI ≥30 được coi là béo phì. Là yếu tố nguy cơ cho nhiều bệnh mãn tính. Triệu chứng: excessive body fat, breathlessness, increased sweating, snoring, difficulty with physical activity, joint and back pain, low self-esteem. Phòng ngừa: Balanced diet, regular physical activity, limit processed foods and sugary drinks, adequate sleep, stress management, behavioral changes"
Dengue Fever,"Sốt xuất huyết dengue là bệnh virus lây truyền qua muỗi Aedes, phổ biến ở vùng nhiệt đới và cận nhiệt đới. Có thể gây biến chứng nghiêm trọng nếu tiến triển thành sốt xuất huyết nặng.","high fever, severe headache, pain behind eyes, joint and muscle pain, rash, mild bleeding (nose, gums), nausea, vomiting","Eliminate mosquito breeding sites, use mosquito repellent, wear protective clothing, use bed nets, community mosquito control programs",,WHO,"Dengue Fever: Sốt xuất huyết dengue là bệnh virus lây truyền qua muỗi Aedes, phổ biến ở vùng nhiệt đới và cận nhiệt đới. Có thể gây biến chứng nghiêm trọng nếu tiến triển thành sốt xuất huyết nặng. Triệu chứng: high fever, severe headache, pain behind eyes, joint and muscle pain, rash, mild bleeding (nose, gums), nausea, vomiting. Phòng ngừa: Eliminate mosquito breeding sites, use mosquito repellent, wear protective clothing, use bed nets, community mosquito control programs"
Hepatitis,"Viêm gan là tình trạng viêm của gan, có thể do virus (A, B, C, D, E), rượu, thuốc, hoặc các nguyên nhân khác. Viêm gan B và C có thể dẫn đến viêm gan mãn tính, xơ gan và ung thư gan.","fatigue, nausea, abdominal pain, loss of appetite, dark urine, pale stool, yellowing of skin and eyes (jaundice), joint pain","Vaccination (Hepatitis A & B), safe water and food, safe injection practices, avoid sharing needles, safe sex, alcohol moderation",,WHO,"Hepatitis: Viêm gan là tình trạng viêm của gan, có thể do virus (A, B, C, D, E), rượu, thuốc, hoặc các nguyên nhân khác. Viêm gan B và C có thể dẫn đến viêm gan mãn tính, xơ gan và ung thư gan. Triệu chứng: fatigue, nausea, abdominal pain, loss of appetite, dark urine, pale stool, yellowing of skin and eyes (jaundice), joint pain. Phòng ngừa: Vaccination (Hepatitis A & B), safe water and food, safe injection practices, avoid sharing needles, safe sex, alcohol moderation"
Chronic Kidney Disease,"Bệnh thận mãn tính là sự giảm dần chức năng thận theo thời gian. Thận không lọc máu hiệu quả, dẫn đến tích tụ chất thải trong cơ thể. Có thể tiến triển thành suy thận giai đoạn cuối.","fatigue, swelling in ankles/feet/hands, shortness of breath, nausea, confusion, decreased urination, blood in urine, foamy urine","Control blood pressure, manage diabetes, healthy diet (low salt, controlled protein), regular exercise, avoid NSAIDs overuse, quit smoking",,WHO,"Chronic Kidney Disease: Bệnh thận mãn tính là sự giảm dần chức năng thận theo thời gian. Thận không lọc máu hiệu quả, dẫn đến tích tụ chất thải trong cơ thể. Có thể tiến triển thành suy thận giai đoạn cuối. Triệu chứng: fatigue, swelling in ankles/feet/hands, shortness of breath, nausea, confusion, decreased urination, blood in urine, foamy urine. Phòng ngừa: Control blood pressure, manage diabetes, healthy diet (low salt, controlled protein), regular exercise, avoid NSAIDs overuse, quit smoking"
Arthritis,"Viêm khớp là viêm một hoặc nhiều khớp, gây đau và cứng khớp. Có nhiều loại viêm khớp, phổ biến nhất là viêm xương khớp (do mòn) và viêm khớp dạng thấp (tự miễn).","joint pain, stiffness, swelling, redness, decreased range of motion, warmth around joint, fatigue, morning stiffness","Maintain healthy weight, regular exercise, protect joints from injury, balanced diet, avoid smoking, early treatment of joint injuries",,WHO,"Arthritis: Viêm khớp là viêm một hoặc nhiều khớp, gây đau và cứng khớp. Có nhiều loại viêm khớp, phổ biến nhất là viêm xương khớp (do mòn) và viêm khớp dạng thấp (tự miễn). Triệu chứng: joint pain, stiffness, swelling, redness, decreased range of motion, warmth around joint, fatigue, morning stiffness. Phòng ngừa: Maintain healthy weight, regular exercise, protect joints from injury, balanced diet, avoid smoking, early treatment of joint injuries"
Migraine,"Đau nửa đầu là loại đau đầu thường kèm theo buồn nôn, nôn và nhạy cảm với ánh sáng và âm thanh. Có thể kéo dài từ vài giờ đến vài ngày và ảnh hưởng nghiêm trọng đến sinh hoạt.","intense throbbing or pulsing pain (usually one side), nausea, vomiting, sensitivity to light and sound, visual disturbances (aura), dizziness","Identify and avoid triggers, regular sleep schedule, stress management, regular meals, stay hydrated, limit caffeine and alcohol",,WHO,"Migraine: Đau nửa đầu là loại đau đầu thường kèm theo buồn nôn, nôn và nhạy cảm với ánh sáng và âm thanh. Có thể kéo dài từ vài giờ đến vài ngày và ảnh hưởng nghiêm trọng đến sinh hoạt. Triệu chứng: intense throbbing or pulsing pain (usually one side), nausea, vomiting, sensitivity to light and sound, visual disturbances (aura), dizziness. Phòng ngừa: Identify and avoid triggers, regular sleep schedule, stress management, regular meals, stay hydrated, limit caffeine and alcohol"
Pneumonia,"Viêm phổi là nhiễm trùng làm viêm túi khí trong một hoặc cả hai phổi, có thể chứa đầy dịch hoặc mủ. Có thể do vi khuẩn, virus hoặc nấm gây ra. Nguy hiểm cho trẻ em, người cao tuổi.","cough with phlegm or pus, fever, chills, difficulty breathing, chest pain when breathing or coughing, fatigue, confusion (in elderly)","Vaccination (pneumococcal, flu), good hygiene, avoid smoking, healthy lifestyle, manage chronic conditions, avoid sick people",,WHO,"Pneumonia: Viêm phổi là nhiễm trùng làm viêm túi khí trong một hoặc cả hai phổi, có thể chứa đầy dịch hoặc mủ. Có thể do vi khuẩn, virus hoặc nấm gây ra. Nguy hiểm cho trẻ em, người cao tuổi. Triệu chứng: cough with phlegm or pus, fever, chills, difficulty breathing, chest pain when breathing or coughing, fatigue, confusion (in elderly). Phòng ngừa: Vaccination (pneumococcal, flu), good hygiene, avoid smoking, healthy lifestyle, manage chronic conditions, avoid sick people"
Influenza,"Cúm là nhiễm virus đường hô hấp cấp tính, có khả năng lây lan cao. Thường tự khỏi sau 1-2 tuần nhưng có thể gây biến chứng nghiêm trọng ở người già, trẻ em, và người có bệnh nền.","sudden onset fever, cough, sore throat, runny nose, body aches, headache, fatigue, sometimes vomiting and diarrhea","Annual flu vaccination, hand hygiene, respiratory etiquette, avoid close contact with sick people, stay home when sick",,WHO,"Influenza: Cúm là nhiễm virus đường hô hấp cấp tính, có khả năng lây lan cao. Thường tự khỏi sau 1-2 tuần nhưng có thể gây biến chứng nghiêm trọng ở người già, trẻ em, và người có bệnh nền. Triệu chứng: sudden onset fever, cough, sore throat, runny nose, body aches, headache, fatigue, sometimes vomiting and diarrhea. Phòng ngừa: Annual flu vaccination, hand hygiene, respiratory etiquette, avoid close contact with sick people, stay home when sick"
Alzheimer's Disease,"Bệnh Alzheimer là dạng sa sút trí tuệ phổ biến nhất, gây giảm dần trí nhớ, tư duy và kỹ năng xã hội. Thường gặp ở người cao tuổi và hiện chưa có cách chữa khỏi.","memory loss, difficulty with familiar tasks, confusion with time or place, problems with words, poor judgment, personality changes, withdrawal","Regular mental and physical exercise, social engagement, healthy diet, control cardiovascular risk factors, adequate sleep, lifelong learning",,WHO,"Alzheimer's Disease: Bệnh Alzheimer là dạng sa sút trí tuệ phổ biến nhất, gây giảm dần trí nhớ, tư duy và kỹ năng xã hội. Thường gặp ở người cao tuổi và hiện chưa có cách chữa khỏi. Triệu chứng: memory loss, difficulty with familiar tasks, confusion with time or place, problems with words, poor judgment, personality changes, withdrawal. Phòng ngừa: Regular mental and physical exercise, social engagement, healthy diet, control cardiovascular risk factors, adequate sleep, lifelong learning"
Common Cold,"Cảm lạnh thông thường là nhiễm virus đường hô hấp trên, rất phổ biến và thường tự khỏi sau vài ngày.","runny nose, sneezing, sore throat, cough, congestion, mild headache, slight body aches",,"Rest, fluids, over-the-counter cold medications, throat lozenges",CDC,"Common Cold: Cảm lạnh thông thường là nhiễm virus đường hô hấp trên, rất phổ biến và thường tự khỏi sau vài ngày. Triệu chứng: runny nose, sneezing, sore throat, cough, congestion, mild headache, slight body aches. Điều trị: Rest, fluids, over-the-counter cold medications, throat lozenges"
Gastroenteritis,"Viêm dạ dày ruột là viêm đường tiêu hóa, thường do virus hoặc vi khuẩn gây ra. Gây tiêu chảy, nôn mửa và đau bụng.","diarrhea, nausea, vomiting, stomach cramps, fever, dehydration",,"Rehydration (ORS), rest, bland diet (BRAT), avoid dairy initially, medical care if severe",CDC,"Gastroenteritis: Viêm dạ dày ruột là viêm đường tiêu hóa, thường do virus hoặc vi khuẩn gây ra. Gây tiêu chảy, nôn mửa và đau bụng. Triệu chứng: diarrhea, nausea, vomiting, stomach cramps, fever, dehydration. Điều trị: Rehydration (ORS), rest, bland diet (BRAT), avoid dairy initially, medical care if severe"
Urinary Tract Infection,Nhiễm trùng đường tiết niệu là nhiễm trùng ở bất kỳ phần nào của hệ tiết niệu. Phổ biến hơn ở phụ nữ.,"burning sensation when urinating, frequent urination, cloudy or bloody urine, pelvic pain, fever, urgency to urinate",,"Antibiotics, drink plenty of water, urinate frequently, avoid irritants",NIH,"Urinary Tract Infection: Nhiễm trùng đường tiết niệu là nhiễm trùng ở bất kỳ phần nào của hệ tiết niệu. Phổ biến hơn ở phụ nữ. Triệu chứng: burning sensation when urinating, frequent urination, cloudy or bloody urine, pelvic pain, fever, urgency to urinate. Điều trị: Antibiotics, drink plenty of water, urinate frequently, avoid irritants"
Allergic Rhinitis,"Viêm mũi dị ứng (hay còn gọi là sổ mũi dị ứng) là phản ứng dị ứng với các chất gây dị ứng như phấn hoa, bụi, lông động vật.","sneezing, runny or stuffy nose, itchy eyes/nose/throat, watery eyes, postnasal drip",,"Avoid allergens, antihistamines, nasal corticosteroids, decongestants, immunotherapy",NIH,"Allergic Rhinitis: Viêm mũi dị ứng (hay còn gọi là sổ mũi dị ứng) là phản ứng dị ứng với các chất gây dị ứng như phấn hoa, bụi, lông động vật. Triệu chứng: sneezing, runny or stuffy nose, itchy eyes/nose/throat, watery eyes, postnasal drip. Điều trị: Avoid allergens, antihistamines, nasal corticosteroids, decongestants, immunotherapy"
Acid Reflux (GERD),"Trào ngược dạ dày thực quản là tình trạng acid dạ dày trào ngược lên thực quản, gây khó chịu và có thể tổn thương niêm mạc thực quản.","heartburn, regurgitation, difficulty swallowing, chest pain, chronic cough, sour taste in mouth",,"Lifestyle changes (diet, weight loss), avoid trigger foods, elevate head when sleeping, antacids, proton pump inhibitors",NIH,"Acid Reflux (GERD): Trào ngược dạ dày thực quản là tình trạng acid dạ dày trào ngược lên thực quản, gây khó chịu và có thể tổn thương niêm mạc thực quản. Triệu chứng: heartburn, regurgitation, difficulty swallowing, chest pain, chronic cough, sour taste in mouth. Điều trị: Lifestyle changes (diet, weight loss), avoid trigger foods, elevate head when sleeping, antacids, proton pump inhibitors"
